{
    "accuracy": 0.9731772380603115,
    "loss": 0.027562052307296355
}